customer_id,revenue
18102,349164.35
14646,248396.5
14156,196566.74
14911,152147.57
13694,131443.19
17511,84541.17
15061,83284.38
16684,80489.21
16754,65500.07
17949,60117.6
13089,57912.03
15311,56003.26
17450,52422.3
17850,51208.87
12931,50291.38
13093,47111.18
16029,41184.3
15838,40519.92
14298,39667.19
13798,38683.02
13902,34095.26
15769,32451.6
13081,30867.77
13777,30501.260000000002
17841,29892.5
16705,29480.061
16422,28967.07
14680,28658.66
13881,28019.58
17940,26286.75
17389,25391.0
14031,23712.31
12482,23691.4
13408,23616.422
12748,22879.66
14063,22710.2
16779,22638.52
18251,21964.14
13802,21659.69
12709,21356.82
17677,20329.68
16013,20315.84
17920,20312.36
12471,20139.74
15039,20116.99
17381,19726.76
12415,19543.84
14258,19381.36
12921,19333.95
14527,19283.48
14606,18704.41
13767,18320.170000000002
17675,17885.32
15856,17832.77
18008,17670.94
16210,17403.21
12681,17080.74
15523,16947.98
13078,16904.51
12678,16652.72
17404,15874.300000000001
17865,15848.07
13564,15500.53
14062,15139.35
15768,14979.26
15808,14674.960000000001
17428,14562.91
17448,14556.970000000001
13001,14353.28
17377,14218.49
12647,14201.53
14895,13980.83
15760,13916.34
12939,13683.0
16019,13679.61
14088,13544.99
12454,13151.44
14277,13009.61
15513,12992.33
15498,12723.18
14667,12685.94
12409,12346.62
17243,12213.01
12357,12079.99
13687,11880.84
12682,11745.69
17589,11645.7
16525,11555.19
15640,11441.92
16746,11368.74
13340,11364.08
12949,11359.48
12472,11308.48
14543,11276.44
13319,11236.95
14134,11123.35
12621,11086.14
17044,11013.82
15615,10974.23
12918,10953.5
16553,10924.19
18052,10877.18
16652,10776.42
18087,10705.8
14299,10533.87
16191,10507.5
13027,10423.2
17416,10405.03
14028,10396.5
17716,10300.98
17706,10245.49
17340,10051.53
18172,9918.16
15251,9839.55
13225,9796.23
17133,9730.09
15093,9729.09
14045,9653.28
13952,9572.45
14091,9530.08
14952,9529.86
12714,9384.85
16843,9374.86
14961,9365.47
15291,9178.26
14040,9030.65
16549,9027.55
17139,8915.99
12980,8870.880000000001
12540,8854.25
15032,8821.55
15358,8703.21
15738,8560.55
15044,8504.1
14160,8421.47
16133,8403.22
14739,8385.22
13206,8377.32
16126,8359.03
13178,8333.72
16656,8207.37
15601,8183.56
16782,8158.51
15078,8018.77
14849,7832.91
13013,7814.83
15005,7789.63
15382,7777.84
12437,7731.99
13680,7713.25
17581,7712.71
14828,7699.7
13468,7685.54
17858,7641.99
16713,7637.56
12668,7637.53
17364,7589.24
13162,7587.2
14607,7568.13
14049,7557.31
18225,7545.14
18223,7516.31
16873,7493.77
13715,7403.95
15497,7395.19
13097,7378.8
15260,7377.46
14194,7321.070000000001
18260,7318.91
15555,7307.18
14110,7304.8
12476,7298.99
16161,7256.24
14426,7246.27
13316,7213.84
12433,7205.39
12583,7166.06
16550,7136.16
12758,7111.650000000001
18092,7111.18
14016,7062.2
12477,7056.63
17409,7021.66
12380,6951.49
13735,6927.9800000000005
16327,6887.12
12731,6879.8
15874,6878.88
16168,6848.87
14051,6823.610000000001
15413,6798.72
14439,6781.8
12481,6765.07
16258,6739.01
13668,6726.35
12557,6725.18
13734,6701.640000000001
17160,6691.13
13174,6677.81
15296,6669.97
18226,6650.83
12524,6640.39
12989,6627.64
13488,6619.57
13199,6615.77
14733,6599.06
17504,6568.09
13050,6507.67
14866,6460.32
16131,6450.88
13113,6379.7699999999995
17085,6324.76
17230,6286.54
16984,6273.45
13327,6251.71
15369,6251.26
13758,6226.43
15281,6211.42
14415,6191.32
14735,6174.47
15270,6145.37
16923,6130.75
13935,6116.92
13418,6106.17
14505,6096.2
12435,6096.04
16709,6057.59
12835,6043.31
13941,6009.34
14422,6007.88
15202,6001.49
16180,5995.69
13004,5994.94
16814,5990.610000000001
15981,5954.29
17809,5925.4800000000005
15984,5921.65
14030,5902.2
14855,5874.65
13615,5854.84
14676,5808.55
15218,5759.68
16839,5716.14
13448,5701.5
14085,5656.43
12539,5646.400000000001
14249,5625.461
13999,5600.45
15144,5579.87
13629,5578.5
13047,5557.62
16558,5535.02
17338,5498.64
15125,5496.39
16985,5459.04
17576,5434.13
17017,5416.35
15950,5415.2
17696,5393.88
15480,5373.5
15023,5367.92
15465,5301.03
15179,5284.97
13141,5279.83
13102,5272.83
17107,5259.99
14146,5259.3
14113,5252.1900000000005
15867,5251.31
13069,5247.01
13267,5236.77
12755,5218.71
15998,5218.37
12497,5205.400000000001
15547,5199.55
13090,5192.27
15719,5177.45
15570,5145.52
14154,5115.08
17146,5110.46
14769,5097.13
12747,5080.53
12474,5048.66
16186,5019.17
13599,5013.96
13869,5006.62
12643,5005.78
16170,4983.95
14755,4962.27
14135,4953.61
17739,4939.24
13148,4914.6900000000005
14329,4912.38
16008,4905.35
12705,4893.81
15332,4892.68
12843,4886.15
13555,4849.91
14243,4842.28
13576,4834.4
17157,4832.900000000001
13831,4820.59
16546,4819.32
15194,4811.16
18231,4797.7
12971,4782.88
16103,4762.07
12823,4742.0
14105,4722.6
13958,4709.2300000000005
16456,4704.54
14395,4700.3
16556,4698.79
12957,4689.43
15805,4660.75
15298,4659.47
17873,4656.72
14685,4619.79
17965,4618.41
15544,4615.72
14461,4610.44
17068,4608.94
16320,4590.53
13381,4585.06
18041,4568.99
16200,4562.83
14648,4546.86
13426,4526.06
16701,4518.43
18178,4512.93
17308,4511.76
13983,4505.02
15674,4501.63
12839,4480.31
14175,4456.58
14081,4435.58
12422,4428.24
18055,4411.38
12490,4405.71
17611,4387.76
16749,4387.08
16118,4376.25
12431,4370.52
18061,4369.56
13590,4367.67
14292,4354.32
15633,4352.46
14918,4345.66
15750,4331.711
15694,4331.41
13329,4323.97
13969,4311.93
12567,4308.58
16938,4306.8
16125,4298.3
13044,4293.43
16858,4292.59
17049,4287.5
14440,4281.05
13373,4274.94
14936,4273.79
15727,4266.55
16722,4258.27
17457,4247.11
15955,4242.1
12683,4220.21
12913,4217.23
13451,4214.77
13317,4212.411
15898,4207.43
16945,4202.66
16279,4195.5
12510,4195.45
15980,4194.82
17508,4191.92
17593,4168.46
17700,4145.33
13854,4144.44
15622,4143.05
17735,4134.91
14282,4120.32
15581,4114.62
15521,4106.49
13394,4101.68
16700,4091.16
14766,4082.76
17584,4067.12
13137,4062.29
14025,4057.9
12589,4048.98
17238,4038.45
12744,4037.77
17138,4036.77
17231,4022.72
14291,4020.85
17625,4020.8
13931,4019.85
13756,4017.9800000000005
15372,4009.66
13542,4006.17
15034,4004.79
17307,3999.8900000000003
16954,3996.7999999999997
14101,3985.14
17091,3983.34
12836,3972.76
16735,3970.0
14709,3965.29
15321,3961.42
14210,3955.6800000000003
13157,3946.14
17838,3943.6000000000004
17204,3940.13
16670,3934.25
14525,3908.44
13883,3885.54
14944,3884.42
15823,3882.17
13446,3881.89
12867,3876.47
14560,3876.2599999999998
16242,3871.19
17829,3867.5
14841,3867.2400000000002
16710,3866.05
16992,3862.19
14145,3857.85
14286,3851.01
17092,3817.18
17757,3817.16
15903,3813.08
16636,3802.04
16732,3783.89
14442,3777.2
17802,3768.08
12917,3765.2
18245,3757.92
16072,3744.57
12429,3735.51
16497,3729.59
16772,3723.55
13082,3722.12
13107,3721.45
12737,3710.5
16570,3695.91
16592,3694.23
15150,3686.61
18064,3681.03
16409,3680.16
13136,3666.9500000000003
15785,3640.96
12451,3634.36
15755,3628.87
16253,3626.29
15502,3608.54
13654,3600.67
14625,3598.25
15786,3582.62
12356,3562.25
13230,3553.81
13269,3545.47
14514,3543.63
14459,3537.821
15482,3537.6
15673,3533.77
18229,3526.81
12841,3518.33
16336,3517.69
12633,3514.18
14844,3512.62
13763,3502.48
13634,3498.31
12613,3490.69
12759,3489.3
14388,3488.16
13593,3486.61
15299,3484.5299999999997
15159,3475.7200000000003
18065,3473.8
14702,3462.08
15641,3458.35
12615,3449.79
13815,3448.38
12623,3442.7400000000002
14800,3434.58
17876,3424.02
17365,3423.42
13031,3419.27
12455,3413.09
15129,3412.78
15571,3401.2
15812,3400.33
16067,3395.29
13324,3391.52
13658,3386.33
14060,3378.66
16940,3377.78
18094,3374.22
17663,3372.92
15538,3358.4
17315,3358.34
16182,3354.0
13491,3350.7400000000002
17612,3346.41
16563,3345.02
13495,3329.39
14970,3327.29
16353,3323.75
13659,3321.68
14852,3310.4900000000002
13993,3309.35
16153,3309.26
17799,3285.96
13520,3285.05
14530,3271.4900000000002
17519,3265.4500000000003
13214,3264.23
13722,3260.0
14159,3245.0
13015,3240.14
13552,3238.85
13357,3228.41
15367,3203.7400000000002
13115,3199.92
15485,3196.51
18194,3188.2
17469,3180.28
16351,3176.13
15002,3175.52
15680,3173.9
18075,3171.54
12417,3167.81
14535,3166.54
17412,3159.46
14092,3152.54
15614,3147.36
15527,3145.86
17646,3141.4
12662,3138.2400000000002
13139,3138.04
17644,3132.96
13786,3128.54
16717,3127.85
13953,3125.0
17145,3120.91
17769,3105.1
15394,3103.26
17618,3101.66
16156,3096.14
13771,3094.37
14593,3094.02
12872,3085.52
14221,3084.69
17069,3084.58
12511,3084.02
12766,3078.65
13183,3078.4
12469,3070.54
17913,3068.04
17287,3047.85
17426,3040.51
13562,3038.85
14882,3038.4500000000003
15722,3035.54
17372,3034.88
13037,3033.88
17931,3028.93
13875,3027.58
17861,3026.89
16718,3023.78
14227,3017.75
16986,3015.55
14590,3006.62
16145,3005.9500000000003
17032,3004.6
13769,3003.9100000000003
16325,3003.26
16444,3001.91
12406,2975.06
17526,2970.14
15222,2965.91
13985,2960.73
13291,2959.73
16736,2956.56
14047,2946.42
15939,2945.38
12468,2941.2
13870,2941.14
14532,2926.33
14209,2919.84
14112,2919.44
17819,2907.65
14441,2898.8
14824,2895.2000000000003
14465,2887.41
12806,2878.96
16003,2878.46
14930,2873.77
15079,2871.7400000000002
16467,2869.16
14796,2867.15
15122,2863.69
16400,2855.5099999999998
15421,2854.98
14257,2854.73
14817,2849.52
14913,2845.7000000000003
12631,2841.07
15255,2838.57
16283,2833.01
13975,2832.56
16571,2827.05
13052,2820.38
14732,2814.58
13901,2809.14
12749,2806.48
16316,2806.0
17754,2805.27
13205,2803.2
14540,2799.08
12712,2797.53
14744,2785.1
14572,2782.34
15628,2782.02
16208,2776.19
16335,2774.0
13510,2766.73
15817,2766.4
14770,2761.2200000000003
18145,2756.2400000000002
16655,2753.85
15240,2753.41
14713,2752.51
17685,2751.64
16401,2750.83
17848,2749.7
14493,2746.91
14401,2744.42
17241,2744.14
17191,2740.92
12779,2740.91
17019,2739.59
17096,2737.05
17669,2735.63
12986,2729.84
17082,2728.18
13334,2726.93
12910,2721.48
12358,2719.01
12838,2715.35
13461,2715.0
14740,2712.85
17406,2704.63
14825,2698.17
17690,2690.15
12349,2671.14
14907,2664.69
14099,2661.54
14566,2660.0
13929,2651.45
17001,2651.23
17346,2646.44
14451,2646.18
12967,2646.02
17083,2644.01
12483,2635.6
15967,2622.77
12671,2622.481
16347,2621.76
14546,2619.81
14878,2619.7
14626,2619.65
16933,2618.02
13209,2617.9
16094,2617.33
15854,2609.16
16950,2605.81
14564,2605.62
17673,2604.46
12708,2601.19
17672,2600.46
18168,2600.33
15046,2598.62
17863,2585.2
12523,2582.38
12857,2581.6
15754,2579.04
15249,2577.54
13982,2573.7799999999997
15203,2572.38
16303,2567.64
13485,2564.98
12359,2563.36
16308,2560.0
13707,2559.45
17686,2557.35
15290,2553.06
17640,2547.28
17400,2547.09
13979,2546.36
15051,2543.55
16455,2543.19
17512,2542.83
17465,2542.79
17975,2540.02
17930,2534.7400000000002
15301,2533.09
16919,2529.46
13384,2528.9
15858,2521.52
16011,2517.75
16393,2515.45
16190,2508.4700000000003
13995,2508.32
17059,2507.4900000000002
18069,2503.89
12978,2502.82
16523,2497.86
16767,2493.2
15031,2488.44
14001,2487.01
16143,2485.89
13018,2485.46
15983,2483.8
12625,2481.06
15494,2480.82
12720,2478.94
14857,2478.731
16104,2476.25
17730,2475.32
14044,2470.28
15796,2464.27
17402,2462.33
15514,2459.09
15123,2456.86
13571,2454.2200000000003
13557,2448.2
13823,2445.79
12600,2444.88
14344,2443.77
16098,2442.47
17449,2430.29
15077,2428.08
13464,2422.96
17491,2422.2
12976,2417.78
15024,2414.18
15050,2411.7000000000003
16293,2408.96
17213,2401.07
15712,2400.05
15353,2398.93
13527,2396.23
17031,2393.5
14737,2389.62
16742,2387.71
17314,2376.51
15182,2376.102
14466,2374.5
17442,2371.7400000000002
15015,2365.02
16607,2359.16
14649,2358.02
12656,2356.66
17884,2355.44
12982,2354.27
17602,2348.16
13963,2347.33
18093,2346.19
18287,2345.71
16539,2343.2
16150,2342.57
15043,2336.8
13077,2335.4
13213,2330.94
17113,2322.59
14938,2322.43
12637,2318.41
16791,2316.91
15493,2313.18
13458,2312.7000000000003
12391,2312.53
15606,2310.83
15306,2310.38
12609,2309.01
16383,2306.48
17738,2304.51
15946,2304.18
13362,2303.33
13266,2300.78
16077,2300.4
13371,2297.66
14482,2289.76
12782,2287.32
16255,2286.89
13173,2285.7
14341,2285.04
18051,2282.28
17550,2280.48
13297,2278.77
15518,2276.49
17419,2273.95
12863,2271.35
13021,2270.86
17553,2270.0
12725,2266.76
15638,2265.2
18257,2262.52
17084,2253.22
13421,2252.04
13048,2248.3
12374,2246.29
13407,2244.7
13842,2244.29
15365,2242.81
12928,2242.19
14867,2241.78
15629,2240.9
13131,2240.4700000000003
17929,2239.1
16466,2235.13
13473,2235.12
17692,2234.86
15389,2233.8
16458,2232.6
17218,2231.96
16584,2227.59
15757,2225.94
14293,2221.37
13478,2215.78
16499,2212.89
15569,2210.64
15476,2209.98
14161,2208.36
16560,2206.9700000000003
14898,2204.29
15271,2202.47
14290,2201.91
14295,2196.71
15228,2193.56
15532,2190.9700000000003
14057,2190.88
15934,2190.66
17822,2188.5
15059,2185.85
12480,2183.2200000000003
16719,2182.88
16503,2182.41
17311,2181.71
15978,2180.64
12371,2179.42
17063,2177.39
14107,2174.07
18144,2169.25
15965,2167.45
17732,2166.42
13762,2165.76
14211,2161.19
17552,2154.88
12951,2149.65
13611,2147.73
16004,2146.39
13152,2146.38
12592,2145.06
16918,2144.47
14431,2143.84
17969,2141.7400000000002
16875,2139.0
12687,2138.91
16202,2136.72
16841,2136.2400000000002
15623,2136.02
17305,2135.46
15067,2133.12
15027,2129.45
14496,2129.42
14634,2124.46
16053,2122.89
16748,2121.43
15142,2121.18
16883,2119.86
13059,2119.77
17188,2118.7000000000003
13799,2114.71
14399,2113.16
14469,2112.21
14147,2106.8
17774,2102.64
12975,2100.09
12530,2096.98
15862,2095.41
15245,2095.0
16045,2094.23
17596,2092.74
15151,2085.61
12935,2083.16
14688,2082.7
13848,2080.0
14869,2078.54
16795,2077.5099999999998
13450,2076.32
14307,2075.31
18026,2074.07
16290,2069.3
16206,2065.26
15221,2062.2
18258,2059.67
16612,2057.77
16176,2052.69
16395,2050.95
16105,2049.23
12395,2048.64
13431,2047.14
12733,2040.92
12849,2039.67
16331,2037.7
14225,2037.02
13736,2034.31
16271,2033.78
15819,2029.3400000000001
13481,2026.28
16147,2023.91
13696,2020.4
16033,2019.73
15100,2018.6999999999998
17897,2018.4
13085,2017.2
16197,2016.71
16743,2015.17
14701,2012.72
17203,2012.03
13693,2011.8200000000002
16065,2010.53
15953,2010.17
16686,2008.09
16532,2007.84
17722,2006.32
15312,2005.34
16554,2004.6200000000001
15791,1995.65
14639,1994.47
15481,1993.34
16163,1992.98
14555,1991.49
12802,1988.84
17682,1982.45
13772,1982.09
18259,1979.6000000000001
14064,1978.68
13091,1976.0
14548,1974.69
14669,1973.94
16032,1970.45
18097,1965.52
13338,1958.6
15827,1957.98
13851,1955.0
17039,1954.99
13750,1954.92
14498,1953.95
12653,1950.98
16993,1950.95
12853,1950.4
18215,1948.15
14205,1947.5
14655,1946.28
15425,1944.57
15443,1939.02
16101,1938.46
12385,1938.4
15716,1938.0
15329,1934.63
15602,1932.64
16905,1931.72
13849,1931.35
16485,1931.03
13635,1928.13
17115,1923.99
14492,1921.91
16416,1921.48
16128,1920.8300000000002
13253,1920.71
16177,1915.3600000000001
14756,1914.8
13014,1914.8
16812,1912.65
13971,1909.31
16912,1904.93
16823,1901.71
14507,1901.25
17293,1899.1200000000001
15916,1899.08
13126,1898.61
18009,1898.49
18170,1897.69
17667,1895.19
12770,1895.0
15248,1893.93
16631,1892.52
13313,1890.0
16209,1884.16
14239,1882.3200000000002
16341,1878.92
14032,1874.68
12586,1865.73
12876,1863.77
13663,1858.04
16229,1857.26
17623,1856.6200000000001
15199,1853.7
16510,1851.9
13534,1850.82
12578,1847.94
13455,1847.5900000000001
18109,1840.99
15265,1839.52
15944,1839.14
13728,1839.03
13032,1833.3700000000001
13538,1831.88
12484,1828.43
16797,1827.77
16477,1825.56
14534,1824.06
16005,1820.83
16276,1818.79
13623,1818.71
15736,1815.72
14837,1810.82
15972,1810.27
12531,1807.98
17857,1803.2
13577,1801.68
12377,1798.2
16036,1797.92
17621,1795.22
12369,1791.15
15380,1788.8
15366,1786.57
14790,1781.56
18214,1780.34
13425,1779.42
16983,1778.97
13203,1778.79
15351,1778.18
13920,1774.68
14897,1774.16
14916,1773.97
13719,1773.57
15665,1773.11
17811,1772.07
16225,1771.0900000000001
15095,1771.04
14933,1770.0
16365,1766.78
15057,1766.46
14334,1766.27
12645,1764.12
13648,1764.02
17651,1758.52
16059,1757.91
12865,1755.24
17242,1754.24
13305,1753.85
12594,1751.89
17354,1750.3999999999999
16120,1747.77
12820,1747.18
14390,1747.01
12963,1744.96
15073,1744.61
16086,1743.6
17742,1743.3700000000001
16087,1739.92
14748,1736.57
14988,1732.06
17211,1729.43
15596,1723.45
18095,1723.04
16232,1722.09
16241,1721.44
16771,1720.79
16326,1716.03
12739,1713.69
16619,1712.1200000000001
13665,1711.66
16062,1709.83
18077,1705.55
16329,1703.07
15971,1702.98
15911,1702.34
15625,1702.1399999999999
17588,1699.35
17961,1699.1
12727,1698.8300000000002
12932,1698.56
12500,1697.39
14409,1696.64
16470,1696.21
17320,1695.15
13503,1688.54
12813,1687.8
15215,1687.49
12911,1680.47
17470,1679.8
13561,1678.86
12870,1676.95
14963,1676.68
14831,1676.57
14004,1675.81
14481,1674.98
14673,1674.41
15456,1672.05
15811,1671.9
12649,1671.14
14177,1669.93
12854,1669.52
14653,1666.99
13330,1665.25
13092,1662.45
13117,1658.9
14421,1656.26
16611,1655.64
14562,1654.63
13911,1654.08
12873,1653.3
16081,1653.28
12701,1648.7
12916,1647.8700000000001
13397,1647.74
14515,1647.17
13192,1646.64
15550,1643.17
15013,1641.3
13554,1638.28
13643,1637.33
17165,1635.64
17994,1634.83
15310,1634.64
14396,1633.94
17954,1633.33
16555,1629.79
14215,1626.6100000000001
13692,1626.08
13154,1624.84
14896,1623.65
14467,1622.23
14695,1620.07
17814,1617.32
18220,1616.48
13824,1615.82
17422,1615.39
14934,1612.56
15789,1610.71
16860,1610.62
17853,1608.19
15810,1607.06
17460,1605.8400000000001
15607,1604.21
14195,1603.6
15062,1597.76
17921,1596.98
16634,1596.71
17028,1593.83
12937,1593.34
16057,1591.73
16275,1591.24
12360,1590.83
16515,1589.17
15747,1588.57
13156,1586.54
17679,1585.5
17905,1583.28
14327,1583.28
13202,1580.3
16620,1579.97
12424,1579.07
15288,1576.6100000000001
14449,1575.7
12549,1575.68
13337,1575.26
16012,1574.5
13889,1574.3300000000002
14235,1573.13
13198,1572.99
17720,1572.97
15985,1572.8600000000001
15885,1572.47
14136,1570.81
14180,1570.73
15752,1570.16
14608,1567.79
15681,1563.54
13888,1563.42
17851,1563.34
14854,1563.03
12629,1558.22
16529,1556.75
13042,1556.54
17758,1555.83
13360,1553.65
13377,1552.88
14186,1550.63
12926,1548.46
14410,1546.07
13501,1544.79
13783,1542.09
14640,1541.98
15678,1541.19
13711,1540.2
15834,1539.24
16960,1536.3799999999999
12924,1535.7
15798,1535.37
12798,1533.89
13211,1531.9
17610,1529.49
15860,1528.0
16134,1527.25
13632,1526.88
15434,1525.5800000000002
15704,1524.3400000000001
16124,1523.49
15422,1522.27
14967,1518.81
15841,1518.35
14533,1516.65
15572,1515.81
15803,1513.84
12676,1511.7
14870,1511.7
12598,1511.01
14038,1509.5
13874,1508.7
13280,1507.77
14256,1504.93
17594,1504.7
17262,1504.26
14915,1503.77
14408,1503.24
14802,1502.98
17353,1502.0
13819,1502.0
15167,1496.67
15590,1496.6
15173,1494.6
18219,1493.1200000000001
16314,1491.4
16265,1488.17
17147,1485.36
13871,1482.6000000000001
12826,1481.03
18230,1480.8600000000001
14312,1478.7
17396,1476.3
13652,1475.77
17414,1471.52
12582,1469.04
13110,1468.8
14850,1468.26
14129,1467.48
15563,1466.56
16917,1466.31
18268,1464.73
16461,1463.8
17050,1462.95
14682,1462.81
15030,1461.63
17180,1460.95
15081,1460.92
12408,1452.22
13650,1451.66
13361,1450.5
16595,1450.02
15910,1449.62
15876,1449.14
17534,1445.47
14014,1443.03
14233,1441.55
12644,1440.58
15325,1439.72
17597,1439.72
13543,1439.61
16088,1437.43
16520,1436.05
12805,1434.95
15793,1433.96
12389,1433.33
17388,1432.01
13764,1431.5
16233,1429.03
14035,1428.7
14309,1428.28
14404,1424.79
17029,1421.3
12877,1419.4
18044,1417.01
14644,1416.96
13895,1415.45
17694,1412.85
14217,1411.91
14000,1410.68
16854,1408.96
12378,1407.7
17075,1407.61
15611,1405.83
12726,1405.5
14909,1404.68
12765,1404.58
16755,1403.75
17351,1401.08
13246,1400.13
15658,1399.3700000000001
15782,1399.36
14130,1398.81
17603,1398.76
13813,1398.6100000000001
16650,1397.69
14875,1397.08
16129,1396.05
13647,1393.56
16108,1393.42
16300,1392.43
15326,1388.81
15141,1388.47
15732,1387.95
14987,1387.4499999999998
16167,1386.12
17432,1385.6299999999999
15384,1385.38
14899,1384.88
15580,1381.19
14758,1380.91
15751,1380.44
13477,1379.5900000000001
14651,1379.52
13074,1378.74
17676,1378.16
16904,1378.1
15392,1376.09
14152,1376.05
17150,1375.65
14285,1374.41
16007,1373.2
18242,1372.72
17071,1372.17
16221,1370.65
14316,1370.34
12412,1370.05
15795,1369.8600000000001
12533,1367.89
17018,1367.6
15272,1363.54
17728,1362.75
15252,1362.63
16085,1362.02
16281,1361.96
16588,1361.28
16775,1361.23
15889,1359.41
16835,1357.56
12721,1356.95
16218,1355.29
14905,1355.24
17235,1354.82
15649,1354.35
15865,1353.79
13753,1353.31
15370,1352.96
16788,1352.82
12418,1352.62
13662,1352.35
14301,1352.04
14745,1351.55
13276,1348.33
13655,1347.54
16017,1341.95
14304,1341.56
16600,1339.89
12711,1339.05
12516,1336.56
17894,1333.57
13649,1332.28
16569,1331.03
16054,1327.98
14628,1326.04
14956,1325.0
16894,1324.06
14499,1323.65
13705,1323.47
12347,1323.32
13151,1322.8700000000001
12960,1322.0700000000002
16625,1320.95
18276,1320.66
13748,1320.1
17702,1319.67
17666,1319.6399999999999
14597,1318.39
17348,1316.89
16010,1316.56
14710,1316.46
15976,1315.7
12840,1315.2
16551,1315.0
13946,1314.66
16296,1313.67
17324,1311.64
13012,1310.99
13855,1310.3400000000001
18272,1307.4
16833,1302.51
15189,1298.99
16374,1298.42
17190,1298.3
16119,1297.45
18286,1296.43
13440,1295.25
14346,1294.17
15241,1293.72
15381,1293.72
15279,1290.03
17505,1289.64
14679,1289.44
16608,1288.72
12724,1286.11
17259,1285.97
15489,1285.3300000000002
15058,1285.04
17220,1283.5
13443,1280.16
18188,1279.55
14506,1278.5
17977,1277.49
14478,1276.66
13916,1275.81
17582,1275.43
13838,1274.3600000000001
15551,1274.02
14490,1273.47
17478,1272.8000000000002
17132,1272.8
17228,1271.15
13196,1271.06
15227,1269.0900000000001
15439,1269.05
12809,1266.63
16928,1265.63
17635,1265.58
13239,1265.1299999999999
16096,1264.3500000000001
12599,1264.14
17046,1264.05
13709,1263.7
14068,1262.52
15452,1260.38
17714,1257.18
14861,1254.94
13531,1254.72
15064,1254.41
15441,1254.21
14236,1253.78
15339,1253.77
15261,1253.18
14420,1251.65
17222,1250.8600000000001
13263,1250.6200000000001
16716,1248.48
12666,1248.42
17095,1248.09
16891,1247.1200000000001
13740,1247.02
12635,1241.23
13201,1240.61
17529,1240.25
14821,1237.65
16501,1237.23
16174,1237.2
15466,1236.48
15861,1236.43
17768,1236.33
15410,1234.88
14006,1234.48
12605,1232.95
14868,1230.42
12784,1230.33
16768,1230.03
13019,1229.95
17342,1227.54
17539,1226.57
18151,1226.09
15164,1225.8700000000001
15764,1223.1100000000001
16946,1222.04
14430,1220.9
16366,1220.83
16434,1219.49
15990,1217.94
13118,1217.6
16711,1217.45
15390,1216.66
17870,1213.8
14621,1212.21
15660,1212.13
15377,1211.75
14978,1210.72
18171,1206.0
17797,1205.44
15402,1203.77
18057,1203.56
12742,1201.52
16817,1200.15
15600,1199.31
13410,1198.9
17713,1198.09
16307,1194.92
16450,1193.81
13293,1192.94
14213,1192.2
13878,1191.53
16926,1191.1
14127,1190.3700000000001
14275,1189.3799999999999
17047,1188.33
12664,1188.16
16235,1186.4
18060,1185.46
12562,1185.18
16859,1184.6
14264,1183.39
15259,1182.3799999999999
17021,1182.22
13526,1182.0
13506,1180.68
13797,1179.45
18025,1177.72
14370,1175.78
15379,1174.55
13880,1171.89
14623,1170.33
15696,1170.1100000000001
14776,1170.0
17908,1168.26
15426,1168.0
16727,1164.6
13382,1164.5900000000001
15111,1163.39
16770,1162.03
15347,1162.0
12972,1161.2
17978,1160.84
15101,1160.41
13459,1160.41
14189,1160.31
16934,1160.06
12439,1158.18
18036,1158.02
14400,1157.77
15879,1157.3
17127,1155.0300000000002
14692,1153.54
17025,1152.8700000000001
17306,1151.04
16521,1148.01
14308,1147.02
17048,1146.33
17477,1144.3
17496,1141.84
13259,1141.06
17284,1140.58
16282,1139.28
15586,1139.1000000000001
16350,1137.42
15253,1136.89
13523,1136.64
17289,1134.98
15561,1133.8
17137,1133.63
13434,1132.6200000000001
13393,1131.45
17622,1130.21
16848,1130.2
17941,1128.72
13984,1128.09
14671,1127.45
12503,1126.0
14917,1123.75
18066,1122.4
13800,1121.24
12388,1120.45
14212,1119.66
17974,1117.27
15529,1116.72
16027,1113.74
17642,1112.2
14489,1111.55
16369,1111.15
16702,1110.83
16654,1110.2
15559,1109.4
15828,1108.82
17341,1108.47
13055,1106.7
17090,1105.53
13414,1103.64
16391,1103.61
16040,1103.3500000000001
16223,1102.3500000000001
16725,1101.09
13884,1100.88
17366,1096.24
17888,1094.39
12803,1092.81
17726,1092.06
15154,1091.99
14343,1088.91
14708,1085.91
14021,1084.68
13567,1083.69
17227,1082.71
16043,1082.6
15652,1082.6
16777,1081.41
17288,1080.25
12933,1079.5
18118,1079.4
15546,1079.1000000000001
16231,1078.22
16239,1078.0
17002,1077.82
14332,1077.2
13760,1076.85
13299,1076.2
13240,1074.8700000000001
16756,1072.97
12970,1072.73
13579,1072.0
12801,1071.82
14080,1070.08
18277,1069.67
16205,1069.23
16042,1067.85
17345,1066.94
17343,1066.3
14524,1066.03
17126,1065.69
14935,1065.1200000000001
13803,1061.84
15484,1061.69
15506,1060.77
15003,1060.7
17421,1059.41
15774,1059.14
14984,1058.1399999999999
14306,1058.0800000000002
16244,1056.63
14734,1056.42
13065,1055.05
16531,1053.74
16825,1051.71
13775,1049.66
17474,1047.0
14229,1046.84
16527,1044.38
13610,1044.0
13890,1043.57
16991,1041.21
17560,1040.85
17321,1040.32
13613,1039.8500000000001
14847,1039.55
17984,1038.59
14541,1038.03
12486,1037.28
16787,1035.43
17438,1034.32
15149,1033.81
16083,1033.8
17878,1032.88
12402,1031.3
18106,1030.76
17454,1030.41
13417,1028.66
15887,1027.15
12908,1026.0
16016,1025.18
17310,1025.1
13821,1025.09
17567,1024.55
14912,1021.4
16568,1020.9
14480,1020.47
18074,1019.44
14631,1018.71
12905,1018.42
13641,1016.47
13333,1015.74
18252,1015.42
15708,1014.48
12875,1013.7600000000001
13375,1013.58
17655,1013.54
17236,1013.13
18149,1012.63
17004,1012.22
17540,1011.7
16435,1011.5699999999999
13039,1010.73
13723,1009.35
12862,1008.32
16979,1007.74
14510,1007.28
15771,1006.54
15373,1005.48
13462,1002.35
16807,1002.29
13857,1001.01
14255,1000.63
16586,998.83
13965,996.61
12577,995.9499999999999
14829,995.29
16699,994.6
14693,992.46
13939,992.41
15186,991.7900000000001
13559,990.0
15176,988.0400000000001
15906,987.95
16130,987.48
16661,986.63
14585,986.22
14643,986.08
16254,985.14
18022,983.6800000000001
14276,982.9399999999999
14479,982.86
14538,982.59
14553,982.27
17695,980.6999999999999
12543,980.25
14230,979.8000000000001
15882,979.62
17369,979.2
17515,978.4399999999999
14114,977.5600000000001
14454,977.3000000000001
16340,976.99
13591,976.81
17290,976.2
13919,975.87
18071,975.63
17456,975.5600000000001
16214,975.5
12525,973.73
12694,973.68
14715,973.0699999999999
13497,972.2800000000001
17268,970.25
17531,970.12
14573,968.0
13204,966.6600000000001
14443,966.27
16471,966.03
15084,965.1999999999999
12425,964.21
18193,963.59
17871,963.09
15468,962.97
15268,961.9000000000001
13587,961.1
17544,960.69
16372,960.68
14994,960.63
17585,960.23
12675,958.5
14544,957.98
18085,955.8000000000001
12505,955.2
15430,954.75
15822,954.59
15579,953.9
12778,953.4499999999999
16889,952.23
14615,951.76
16292,951.51
17950,950.61
12767,949.82
15177,948.9300000000001
12874,948.42
14512,948.19
17862,948.1899999999999
16359,946.83
13778,945.79
15826,943.97
16199,942.75
17363,940.86
13539,938.02
14605,937.16
15192,937.07
17020,935.62
14813,935.44
14723,934.76
15117,934.19
15792,933.84
13863,933.77
16774,932.93
12396,931.4300000000001
13465,931.12
13288,927.61
16975,926.12
12745,925.41
12909,924.52
14966,924.52
17143,924.11
15734,923.85
17322,922.59
16915,921.5
14379,920.8100000000001
12998,920.08
14568,919.7
13872,919.57
15542,918.45
12368,917.7
13304,917.57
14061,917.4300000000001
12553,916.47
13124,916.12
14839,915.28
14665,913.95
13402,913.9
18241,913.9
15807,913.62
13300,913.62
17368,913.47
13787,913.46
18236,913.11
14754,912.4300000000001
18062,912.15
16987,910.85
16138,910.35
16115,907.17
14199,906.3
14969,906.23
15661,906.15
17578,903.87
14414,902.35
16895,902.28
14204,901.9300000000001
14853,901.0699999999999
13295,900.77
14427,900.1800000000001
17201,899.41
12591,899.3
15710,898.87
13249,897.52
14619,896.8
17990,896.7700000000001
16266,896.06
14437,895.84
13996,895.76
18096,894.13
13278,893.12
16358,892.1500000000001
14065,891.02
15824,890.94
16228,890.81
15140,889.44
14686,885.83
16623,885.79
17101,885.32
14609,884.64
16159,884.59
12997,884.02
14220,882.5999999999999
18141,882.47
13782,881.72
16830,881.59
13761,881.52
17043,881.37
14700,880.96
16677,880.62
14612,877.7
16256,876.9399999999999
17966,875.99
13768,875.97
18177,875.45
14375,875.31
13395,872.51
15886,871.78
17244,871.14
13900,869.64
16906,869.03
15021,869.01
14320,868.96
16511,868.76
14901,868.36
14198,868.33
16794,868.1999999999999
15664,867.6
17167,867.11
16287,864.48
13891,863.56
12791,863.51
14372,860.08
12440,859.2
14206,856.85
17161,856.01
15992,854.61
14389,854.55
17006,854.54
13945,854.1500000000001
12399,853.65
12696,851.91
16317,850.86
16574,850.34
13897,849.5600000000001
16798,848.71
15784,848.33
14224,847.78
14202,847.76
12693,847.11
15471,847.08
18136,847.03
13970,846.55
15210,845.01
12993,844.87
14922,843.74
14265,843.1700000000001
17638,842.4000000000001
16099,841.3
14355,840.0500000000001
18247,839.73
17332,838.27
16264,837.53
14894,837.0600000000001
17382,836.88
13795,836.3
13386,835.46
14556,835.34
17659,835.33
15190,834.4399999999999
13976,834.38
12903,833.5300000000001
13566,833.41
14885,832.8
17429,832.54
16140,832.4200000000001
13175,831.45
17671,830.63
17003,830.16
12458,830.09
12730,829.25
15617,828.5500000000001
16246,827.25
12576,826.89
12639,826.27
12695,825.02
15133,824.48
14260,824.28
16387,824.19
15137,823.4
18181,823.14
13476,823.0
15850,819.87
17952,819.61
17683,819.01
16048,818.7900000000001
13612,818.29
13595,818.22
17790,818.0600000000001
15074,817.46
16430,817.09
15180,816.9300000000001
12393,816.85
14872,816.6
15269,816.5600000000001
15574,816.4499999999999
13294,815.79
17135,814.4300000000001
16809,812.74
12915,811.1
15912,810.08
16958,809.44
17239,806.95
13223,805.92
17866,805.3000000000001
17987,805.0699999999999
13145,805.0
12632,804.88
17764,804.82
17545,802.58
16491,801.66
13415,800.67
17023,800.1800000000001
13041,799.13
12842,799.0
16175,798.85
17801,798.33
15309,797.96
15197,797.9
17281,797.85
16155,796.9
15105,795.98
17179,795.47
14055,795.3199999999999
12648,793.95
17746,793.9300000000001
14075,792.61
13140,791.96
16955,790.74
16472,789.6
16784,788.9300000000001
14618,788.88
12785,788.45
15254,787.99
16049,787.89
16972,786.25
16386,785.39
13770,785.37
13541,785.25
14522,784.08
12761,782.95
17609,782.12
13287,781.59
16493,780.46
13155,778.4200000000001
17482,778.19
15794,777.0
18196,775.18
15994,775.11
12370,774.62
16384,774.45
14687,773.6800000000001
14838,773.6700000000001
16861,772.83
14226,770.34
16092,770.08
16676,769.78
12449,768.6
17356,768.25
12379,767.98
15331,767.91
14820,767.47
12847,765.36
13208,764.6
15908,764.57
12670,764.24
12423,763.08
12373,763.0500000000001
17860,762.74
12426,762.48
16769,761.36
17854,760.1899999999999
14565,760.1
13989,759.98
13023,759.13
14947,758.97
15809,758.6700000000001
13026,757.72
14326,757.13
17530,756.51
16262,755.15
13370,754.87
18179,754.38
17141,754.33
13856,753.53
12987,753.51
13049,751.5600000000001
16071,750.5600000000001
16638,749.8100000000001
14484,749.0600000000001
13614,748.73
13108,748.46
17492,747.85
13727,746.57
14942,746.56
16465,746.24
16451,746.1800000000001
14714,746.05
14228,745.5
15723,744.55
16172,744.34
12588,743.88
13713,743.26
15420,743.0
14302,742.9000000000001
17005,742.36
18275,741.85
17734,741.69
17349,741.5
16344,741.3199999999999
16593,741.11
13589,741.09
17525,739.2
16183,739.1
15605,738.57
15070,737.0500000000001
16075,736.9300000000001
14871,736.59
17787,736.28
18116,736.27
13286,734.91
13617,734.57
16354,733.71
17756,733.7
12537,732.94
15266,732.91
17633,732.55
17825,731.96
13363,731.36
16496,731.25
17681,731.2
13921,730.7
17834,730.47
14474,730.42
14248,730.37
18163,728.84
12786,728.5000000000001
14583,728.48
17547,727.85
16907,726.25
17624,725.15
18187,724.89
13729,724.73
14953,723.95
12703,722.98
13264,722.5600000000001
18084,722.45
13057,722.09
14167,721.65
13937,721.28
15695,721.0600000000001
15636,719.82
17499,718.51
15157,718.04
13537,717.85
13604,717.62
16269,717.57
16693,717.45
14315,716.69
15777,715.5
15845,714.51
14026,713.11
17158,713.03
16227,713.0
16468,712.62
16723,712.48
17362,711.8100000000001
15322,711.18
17464,710.98
17649,710.4
17886,708.77
12485,708.1
14398,707.79
16726,706.39
14584,705.65
13466,705.45
13296,705.11
17142,704.75
14284,704.4
15970,703.22
14902,702.96
13439,702.9
14324,701.61
13656,699.2
15356,698.45
15995,696.19
16704,695.66
16411,695.54
16407,694.72
14551,693.8100000000001
13922,692.95
15608,692.3
14890,691.6
16658,690.83
15235,690.3000000000001
14037,689.75
15814,689.11
14350,689.1
16903,689.04
14696,688.95
17237,687.39
14321,687.3100000000001
14809,686.76
13585,684.54
15207,683.92
13987,682.54
13134,681.65
18271,680.85
15973,680.62
13029,679.8
14151,679.45
14563,679.44
13320,679.4
17782,679.02
16646,678.8
14182,678.77
13814,678.2
15363,678.11
13243,677.97
17081,674.23
16614,673.6
14142,671.34
14139,670.98
17080,669.91
17062,669.85
15428,668.97
12866,668.23
16996,666.6500000000001
14932,666.13
13435,665.34
16132,664.1999999999999
17796,664.09
13583,664.001
13514,663.7
16679,663.31
13864,662.4000000000001
16862,662.33
15223,662.2
17463,661.5
14425,661.39
13820,660.65
16428,660.28
15097,660.27
14477,660.0
15393,659.48
14460,659.16
13622,658.95
13433,658.32
17490,658.1800000000001
15715,658.02
14412,656.16
14558,655.5
13285,655.47
16037,654.32
15713,654.09
15289,653.3100000000001
16441,653.23
15549,652.7
14087,651.8
17963,651.51
14423,651.4100000000001
13840,651.4
13781,650.99
15303,650.16
13873,649.32
15677,648.4
14413,647.67
17411,646.44
15945,646.27
17513,645.6
17360,645.59
14450,645.19
14662,645.16
17380,645.0
17323,644.52
16884,644.08
17221,643.39
14078,643.26
13237,643.0
18283,641.77
17629,641.4
13405,641.36
17155,640.76
16720,640.24
12880,640.13
12868,640.0
15183,639.93
15639,639.76
15114,639.56
17998,639.24
17172,638.81
16692,638.6999999999999
17926,638.2
12699,638.11
16680,637.75
12580,637.2
16805,636.65
17604,636.57
17282,636.25
15025,636.08
16534,635.9
14247,635.89
14365,634.68
13892,634.68
14794,633.99
15666,632.94
12457,632.6800000000001
13540,632.39
16377,632.28
17123,631.87
13444,631.68
17760,631.34
16952,631.17
17038,630.77
16931,629.4
14920,629.4
16198,629.36
14283,628.44
15483,628.39
16158,628.32
14455,628.21
16846,628.09
17548,627.96
13480,627.82
17951,627.5400000000001
14549,627.3100000000001
12494,626.77
15996,626.22
15385,625.2
14169,624.4300000000001
13776,623.98
15068,623.49
16345,623.33
16781,623.0
12575,622.82
14115,622.67
13573,622.07
16712,621.5600000000001
14924,620.96
15107,620.85
17708,620.85
14382,620.73
13836,620.37
15247,620.06
17350,619.971
12673,619.5
13513,619.49
13020,618.96
15956,617.6
17205,615.27
14904,615.2
16844,614.34
15797,613.6800000000001
15362,613.08
12923,612.9
12855,612.84
14929,612.8100000000001
15651,612.76
14657,612.65
15988,612.0600000000001
16660,611.9
17209,611.6
14013,611.55
16922,611.08
17193,610.74
17968,610.69
13104,610.62
15243,610.6
16121,609.98
13988,609.84
13598,609.42
16675,608.86
15587,608.4
17869,607.98
13627,607.43
17473,607.0
15201,606.4100000000001
14020,606.21
16590,605.9
15730,605.7
17041,604.71
17270,604.4
15038,604.37
14611,604.33
14417,604.2
18058,603.9
13359,603.75
16212,603.37
18264,603.25
14254,601.03
17745,600.34
13980,599.78
15573,599.73
16565,599.35
14508,598.52
17845,598.19
14170,597.33
14725,597.16
15631,596.67
13602,596.28
17176,596.1899999999999
14771,594.62
13101,594.21
15929,594.0
14729,593.89
14746,593.5
14699,593.47
15026,592.61
13472,592.24
17815,591.96
17156,591.87
12403,591.6600000000001
17098,591.07
18079,590.78
13270,590.0
18173,589.52
18239,588.75
15416,588.5
14624,588.22
15191,588.05
14550,587.69
15400,586.1
17773,585.27
17962,584.59
12800,584.25
15478,583.5600000000001
16001,583.39
16100,582.64
16802,582.61
17099,582.17
12514,580.08
14742,579.85
15588,579.6
15959,579.49
18039,579.17
15759,577.89
18108,577.8100000000001
12859,575.1
17555,574.48
15637,574.23
17924,574.2
17189,573.23
13424,572.77
13804,572.73
13179,572.3100000000001
14893,571.76
13233,571.34
17889,571.0
16838,570.76
13190,570.66
14157,569.9
15169,569.22
13406,568.92
18244,568.64
18135,567.71
17212,567.56
14986,566.9
15627,566.9
15076,566.89
13998,566.7
15091,565.9
17665,563.1
13936,563.08
17195,562.98
16111,562.48
17664,561.59
13832,561.49
13064,561.25
17159,560.71
16306,560.55
16961,560.39
17413,560.14
15055,560.07
13245,558.72
16367,557.91
12573,556.87
18049,556.52
13677,556.1899999999999
13168,556.12
13024,555.87
16668,555.7
14104,555.37
17521,554.85
17561,554.72
15102,554.67
12837,554.31
15650,553.88
15948,553.85
18006,553.1800000000001
17407,552.9
17016,552.4
15584,552.39
14891,552.35
12797,552.08
16278,551.46
15535,551.42
16707,551.11
18098,550.84
17591,550.7
14798,550.5699999999999
13479,550.42
14805,549.99
17194,549.88
15900,549.29
15224,549.28
15200,549.0500000000001
17852,548.87
15842,548.8000000000001
16947,548.73
14447,548.5
15350,547.6
16916,547.14
18035,546.34
15080,546.25
12990,546.0
15728,544.6
18207,544.47
14219,543.89
16211,543.5699999999999
15800,543.5
13785,542.49
16060,541.95
16392,541.86
16576,540.87
12819,540.52
17935,540.35
15799,540.15
12958,539.49
12507,539.25
15562,538.83
16204,538.53
17034,538.4
13961,538.4
13544,537.59
13712,537.58
17269,537.46
17397,536.77
18001,536.61
18140,536.41
17919,536.28
15890,535.65
16935,535.1
12810,534.99
16785,533.78
17709,533.5600000000001
18154,533.41
16872,533.11
16810,532.5
16021,532.25
14940,531.49
15028,530.58
16836,530.5
13898,530.47
13684,529.75
12734,529.25
17251,529.15
15646,526.97
13106,526.96
16421,526.27
12817,524.94
13809,524.65
14656,523.6
13070,522.9
13605,522.67
17198,521.66
16203,521.64
17373,520.58
13569,520.03
13977,519.8100000000001
12777,519.45
14807,519.29
12811,519.0500000000001
12825,518.63
15152,518.14
13553,517.8
12979,517.7
13220,516.8
14429,516.28
16447,516.13
15766,516.0
18243,515.78
16419,515.19
14949,515.0
14577,514.54
15276,514.22
16792,513.08
17325,512.77
14818,512.61
15181,510.72
13367,510.2
15110,509.75
12891,509.5
16415,509.09000000000003
14008,509.04
12907,508.91
13388,508.55
15870,508.52000000000004
18078,508.47
17276,508.39
15396,508.20000000000005
17335,508.0
16898,507.56
14738,507.45
13123,506.75
17639,506.67
17226,506.63
13094,505.80000000000007
13255,504.95
13138,504.85
13045,503.64
12376,503.15
12419,503.01
15138,502.52
15462,502.45
15957,501.21
17255,500.72
12366,500.24
17358,500.2
12953,498.96
16222,498.50000000000006
15109,498.15000000000003
13368,498.1
13000,497.65
14741,497.25
12943,496.5
17572,496.26000000000005
15278,496.16
16977,496.0
16799,495.98
16863,495.72
16412,495.4
14319,494.85
17823,494.25
15314,492.48
14310,492.1
13601,491.82
17106,491.23
16034,491.02
14663,490.6
16639,490.47
12450,490.32
12983,490.08
12634,490.0
17476,489.86
17691,489.65000000000003
17616,489.59999999999997
13502,488.5
15599,488.32
17045,488.24
12355,488.21000000000004
15165,487.75
16298,487.5
13412,487.35
13733,487.03000000000003
13005,485.98
14834,485.86
17420,485.6
16834,485.5
12443,485.31
14272,482.85
16943,482.76
17996,482.33
12542,481.88
16110,481.79
17329,481.32
18218,479.91999999999996
12977,478.39
13959,477.98
13745,477.32
13484,476.92
18016,476.90000000000003
14788,476.88
16139,475.74
16518,475.05
16385,474.72
14599,474.54
14322,474.1
17104,474.03000000000003
15071,473.49
16635,473.0
12793,471.85
14600,471.84
14237,471.14
18083,470.73
17631,470.16
15525,469.78000000000003
17430,469.40999999999997
14058,469.19
14369,469.13
17731,468.88
15387,468.65
12554,468.5
16014,467.89
17294,467.79
16390,467.5
17051,467.25
13166,466.98
14126,466.33000000000004
15921,466.08
16887,465.84000000000003
13103,465.70000000000005
13698,465.53000000000003
15748,465.45
17958,465.41999999999996
17274,465.4
15406,465.16
13546,465.15
16739,463.43
14627,462.75
13512,462.18
14675,462.15
18031,462.1
13624,462.08
18284,461.68
18190,461.16
15969,460.95
14575,460.71
15016,460.26
16310,460.08
17298,459.14
14118,458.45
14958,458.26
13957,458.25
17849,457.96000000000004
14011,457.82
16069,457.7
17707,456.9
15717,456.70000000000005
16039,456.4
14296,456.4
13699,455.57
15264,454.66
17067,454.54
12459,454.36
15714,453.93
16481,453.38
15418,452.32
12492,452.0
18100,451.56
15961,451.28999999999996
16870,450.16
13150,449.96999999999997
13626,449.81
15126,449.49
14810,449.14
16939,449.0
18201,447.53000000000003
13784,447.44
16095,447.05
14108,447.05
13948,446.76
17223,446.74
14201,446.1
14010,445.15
14328,445.05
18134,445.0
12788,444.90000000000003
15645,443.16
16500,443.05
13846,442.73
13035,442.32
14996,442.28999999999996
17699,442.0
17759,441.92
13738,440.93
17643,439.7
14979,439.46000000000004
16899,439.46000000000004
16601,439.45
13086,439.33000000000004
13432,439.1
13964,438.9
17729,438.65000000000003
15859,438.46
17807,437.87
15012,437.58
15917,437.53
14846,437.4
12945,437.16
16888,437.15
14877,437.0
17027,436.82
17178,436.71000000000004
14123,436.18
16166,435.83
16643,435.6
15872,434.75
15323,434.6
15691,434.5
13474,434.2
18029,433.77
16948,433.75
17812,433.73
15613,433.71999999999997
16414,433.46
16522,433.36
15847,433.3
17687,432.68
16604,432.45000000000005
17122,432.18
14042,431.98
15160,431.11
17842,430.69
15461,429.7
13165,429.68
13413,429.44
15915,429.21
13242,429.0
14381,428.66
18089,428.45
17285,428.34
18262,428.06
13030,427.74
18285,427.0
17740,426.90000000000003
16526,426.85
18152,426.69
16418,426.67
15966,426.53
12792,426.47
12475,426.26
15217,426.24
13453,424.71
16978,424.55
17103,424.3
13441,424.26
18011,424.24
17867,424.18
16541,424.03
13427,423.93
14595,423.85
18112,423.27
14097,422.86
13374,422.8
16137,422.7
14690,422.63
12808,422.45
13807,422.2
16117,422.19
16847,421.45
13574,421.25
16765,420.75
17423,420.54
15711,420.25
17817,420.17
18128,420.04
13442,419.87
13096,419.7000000000001
17995,419.38
17648,418.87
13073,418.08
15968,418.05
12616,417.8
16737,417.6
17258,417.3
16332,417.21
16226,417.05
15011,416.6
16355,416.35
12608,415.79
13292,415.57
14208,415.31
17805,414.72
16178,414.7
12956,413.82
17662,412.92
13194,412.08
14712,411.0
16815,410.97
15960,410.95
17109,410.42
17598,409.98
16864,409.25
13310,409.17
16535,407.84
15446,406.95
17163,406.68
14775,406.56
16632,406.4
17000,406.3
12741,406.07
18111,405.85
18101,405.51
13143,405.1
13640,405.0
15941,405.0
14403,404.7
13752,404.45000000000005
14009,404.29999999999995
15920,404.14
17615,403.6
14678,403.39
13530,402.98
14172,402.72
15037,402.51
15501,402.5
16250,401.94
17076,401.67
14452,401.15
14736,401.08
14471,400.95
17011,400.8
13607,400.3
17168,400.2
14358,400.06
16538,399.62
13252,399.3
12787,398.52
14793,396.91
13597,396.71
17918,396.39
14570,395.69
13879,395.5
17617,395.33
12677,395.1
16980,394.37
17524,394.14
12499,393.72
17300,393.64
16868,393.39
13067,393.05
17955,392.6
17827,392.59
17361,392.44
17563,392.38
16827,392.13
16783,391.95
15626,391.72
13966,390.86
14072,390.85
14706,390.69
17753,390.56
17480,390.21
14197,390.05
12414,390.0
17116,389.78
16406,389.61
15216,389.49
17479,389.26000000000005
15620,389.18
16642,389.12
14083,388.83
15958,388.64
13896,388.55
12527,386.8
17097,386.03
12519,385.70000000000005
16492,385.56
12973,385.55
12889,385.46000000000004
16080,385.4
17804,385.23
14826,385.2
15837,385.03000000000003
17012,384.16
15155,383.96999999999997
18221,383.33
15211,383.07
14767,382.81
17568,382.79
13008,382.66
16330,382.42
13997,382.31
15341,382.2
16648,382.14
16304,381.66
17393,381.15000000000003
17903,381.09000000000003
12796,381.0
16577,380.0
15219,379.7
14200,379.2
18162,379.15999999999997
15198,377.71
12941,377.49
17717,376.92
16544,376.70000000000005
14531,376.34
14681,376.20000000000005
13780,375.81
13688,375.5
14294,375.34000000000003
17810,374.81
13515,374.7
13545,374.64
17437,373.17
13262,373.16
15337,373.02
13197,373.01000000000005
12346,372.86
15989,372.51
16445,372.22
13164,372.2
14569,371.59000000000003
15504,371.02
18034,370.82
15765,370.63
14168,370.45
17792,370.05
17233,369.98
15922,369.5
15287,369.34000000000003
15257,368.75
15477,368.4
16714,368.27
14018,367.15
14244,366.41999999999996
12899,366.4
13161,366.13
17880,366.0
18160,365.82
16974,365.5
15029,365.1
14253,363.40000000000003
12871,363.38
14122,362.42
16259,361.94
18091,360.85
13274,360.85
17945,360.35
18208,360.08
15008,360.0
13181,359.69
14926,359.4
14919,359.35
13927,359.27
18003,358.61
17748,358.15
16274,357.95
16606,357.66
15595,357.59999999999997
12495,357.4
14968,357.4
14240,357.15000000000003
13234,356.95
14193,356.8
17200,356.71
12996,355.5
16920,355.45
14268,354.85
17976,353.19
16382,353.1
17780,352.91
17196,352.9
16763,352.85
13765,352.821
16857,352.8
14022,352.15000000000003
14859,351.9
17749,351.66
16192,351.3
16263,351.01
14252,350.99
13281,350.85
16545,350.52
16476,350.35
13550,349.51
13689,349.5
18090,349.4
14545,349.25
17999,348.84
17577,348.75
15282,348.59
13700,348.34
12760,347.8
14672,347.59
15085,347.54
13109,347.49
17110,347.4
17299,346.97
12411,346.9
13862,346.73
14552,346.21
15174,345.71
14724,345.25
17934,344.90000000000003
18199,344.75
15519,344.61
18203,344.0
12352,343.8
15346,343.7
15880,343.28
18047,342.69
14989,342.4
17833,342.36
16585,341.59000000000003
16519,341.18
14998,340.86
16044,340.84000000000003
15488,340.6
15818,340.5
15855,340.48
12900,340.33000000000004
14338,339.88
12698,339.75
15901,339.34
14203,339.34
14176,339.11
14048,338.76
14630,338.65
17776,338.56
17296,338.13
15447,337.71000000000004
12869,337.66999999999996
18050,337.66
12780,337.4
13686,337.04
12890,336.8
13258,336.59999999999997
17488,336.5
16273,336.03999999999996
15469,335.70000000000005
16141,335.54
14094,335.22
17821,334.62
14873,334.45
17514,334.18
13167,333.82
17607,333.81
16234,333.18
14137,332.7
13877,332.44
14513,332.42
16452,332.17
17435,331.35
13981,331.14
15683,330.79
15878,330.77
12807,330.35
15938,330.23
13010,330.12
12850,330.0
18186,329.58000000000004
17580,329.55
16596,329.48
17518,329.42
16436,329.34
15979,329.21999999999997
13710,329.04
16286,328.95
16348,328.77
17334,328.13
16647,327.84
15735,327.68
16109,327.59999999999997
13498,327.38
12804,327.02
17152,327.0
17864,326.82
17744,326.74
12460,326.65
14070,326.55
13646,326.25
13703,326.06
17439,325.74
14722,325.45
13661,325.24
15982,324.51
12946,324.45
13834,324.19
17883,324.08
12920,323.86
16715,323.8
16641,323.4
13025,323.39
18217,323.29
16195,323.25
16856,323.09000000000003
15006,323.05
14263,322.93
14832,322.69
12844,322.64
17326,321.95
15726,321.91
13111,321.88000000000005
16880,321.78000000000003
17471,321.65000000000003
18191,321.6
15770,321.45
12361,321.35
17182,321.3
16224,321.24
17169,320.95
12410,320.38
16683,320.25
12763,320.08
13942,320.0
13046,319.94
13843,319.75
15092,318.65
13717,318.29
15682,318.24
14851,318.06
14024,318.04
18253,317.88
17436,317.76
12353,317.76
15616,317.11
17689,317.08
16122,316.92
16343,316.59
13833,316.56
12529,316.48
18043,316.46
15196,316.25
16829,316.1
16193,315.98
17121,314.74
13859,314.7
14991,314.67
18206,314.65999999999997
13660,314.59
18070,314.1
15873,313.91999999999996
13087,313.64
18189,313.49
17882,313.46
17680,313.05
13639,312.93
15162,312.9
15128,312.68
13905,312.65
16261,312.62
14053,312.05
15530,311.37
15634,311.1
12898,310.96
13400,310.83
16328,310.83
14339,310.75
14216,310.74
15405,310.74
13847,310.72
16439,310.70000000000005
14848,310.56
14181,310.55
16913,310.47
15188,310.43
16148,310.3
13315,310.26000000000005
14749,310.15
13628,310.14
14231,309.91
16424,309.5
16373,309.49
17495,309.16
14148,309.09000000000003
16194,308.6
13369,308.28000000000003
14927,308.2
16524,308.14
15302,308.0
15778,307.95000000000005
13289,307.95
14777,307.56
18280,307.55
17344,307.54
15598,307.34
14783,307.3
17721,307.21000000000004
13158,307.12
13036,307.1
16649,306.58
14753,306.36
17077,306.0
13238,305.9
14133,305.5
17601,305.46999999999997
14990,305.42
15893,305.28000000000003
13383,305.28000000000003
17608,305.11
15127,304.97
15951,304.95
17579,304.38
14043,304.25
17688,304.2
15143,304.18
12947,304.04
16489,303.7
14791,303.63
12427,303.5
17207,303.21999999999997
17033,302.65000000000003
15242,302.04
16135,301.9
17678,301.65
12445,301.58000000000004
13773,301.54
13625,301.26
16437,301.25
12351,300.93
17674,300.66
13706,300.38
14797,300.31
12775,300.08000000000004
14840,299.86
17718,299.83
17766,299.61
13500,299.53
13346,299.4
12595,299.02
13600,298.9
18212,298.3
16583,297.95
12897,297.75
12434,297.29
14835,297.0
12504,297.0
17627,296.36
17703,296.1
13516,295.85
15962,295.83
14269,295.73
14581,295.2
14614,295.13
16252,295.09000000000003
16579,295.05
15630,295.05
18227,295.0
17057,294.74
15448,294.17
17927,294.0
15718,293.79
14192,293.74
15928,293.53
17710,293.5
17441,293.35
13002,293.18
15280,293.09999999999997
16543,292.21
17907,291.76
12421,291.56
16615,291.5
14472,291.38
18182,291.13
15391,289.87
15863,289.86
13796,289.7
14433,289.6
17923,289.5
16018,289.23
16936,288.49
17988,288.42
17536,288.33
13616,288.1
14238,287.38
17497,287.25
14128,286.71
13909,286.6
14183,286.29
14353,285.9
14537,285.84
13207,285.6
14402,285.6
16890,285.41
12487,285.3
17355,285.11
13308,284.86
15354,284.4
16078,283.79
15662,283.73
17408,283.44
15338,283.43
15184,283.19
15936,282.79
13511,282.76
16442,282.68
12771,282.3
17072,282.05
13326,281.76
13428,281.51
13679,281.26
15022,281.05
15772,280.88
15244,280.51
13034,279.91
14645,279.8
13283,279.7
17264,279.59
16932,278.77
14303,277.94
12717,277.93
16334,277.48
16921,276.88
14647,276.75
12538,276.5
15368,275.8
13135,275.45
13399,275.4
14957,274.8
15473,274.8
15857,273.48
13861,273.26
15964,272.96000000000004
17292,271.75
13487,271.47
16089,271.44
17785,271.44
15943,271.28999999999996
18053,271.05
18238,270.92
14981,270.8
15919,270.72
15361,270.15
18267,269.37
12751,268.27
18254,267.9
15689,266.93
12790,266.93
17433,266.8
16413,266.78000000000003
14704,266.66
15124,266.63
13695,266.6
16502,266.5
14392,266.4
15246,266.25
14462,265.99
16074,265.25
13277,264.9
12974,264.15
13974,264.13
17187,263.76
12651,263.75
13128,263.5
12892,263.38
17808,262.64
13331,262.4
14526,262.4
14494,261.9
17964,261.76
17910,261.7
12655,261.35
12991,261.06
15888,260.85
13835,260.7
17375,260.45
17705,260.38
16733,259.68
17558,259.17
15536,259.09
17256,258.93
12386,258.90000000000003
12942,258.75
16381,258.7
13683,258.6
13307,258.34
14487,257.28000000000003
15404,257.06
14463,256.95
14166,256.85
14876,256.7
14274,256.6
16988,256.55
13250,256.04
16893,255.84
13825,255.59
14052,255.45
16911,255.25
14594,255.0
12746,254.55
17992,254.13
17626,254.0
16845,253.88
17210,253.37
13251,252.68
16908,252.59
12948,252.48
16453,251.71
18266,251.1
16962,251.04
14470,250.85
12665,250.6
17376,250.44
15231,250.26000000000002
13584,250.05
18002,249.92
14342,249.88
12638,249.8
15884,249.70000000000002
16773,249.65
13309,249.58
12563,249.24
16508,248.8
16201,248.65
15918,248.65
17309,247.84
15293,247.5
15540,247.38
14654,246.86
15697,246.75
13943,246.54000000000002
15378,246.5
15495,246.5
18153,246.22
16006,245.77
14325,245.48000000000002
14281,245.15
15864,244.44
14694,244.31
17925,244.08
13676,243.9
14079,243.63
17915,242.13
17009,242.06
13445,241.89999999999998
13582,241.68
13275,241.66
17286,241.56
14774,241.45000000000002
12413,241.35
13674,240.68
15336,240.5
18278,240.3
14962,240.21000000000004
15931,239.9
15262,239.87
17055,239.55
13789,239.46
12663,239.4
16885,239.23
17981,239.12
15597,238.8
17371,238.66
16280,238.05
14982,237.78
16136,237.42000000000002
14458,237.42
16740,236.81
16892,236.56
13608,236.2
13088,236.11
12831,236.06
17093,235.88
17872,235.87
16046,235.78
14716,235.77
16602,235.25
17993,235.19
12392,234.75000000000003
17868,234.65
13114,234.38
17967,234.22
13009,234.0
12728,233.84
13672,233.53
14153,233.39999999999998
15294,233.35
16399,233.25
13129,233.25
15451,233.21
16024,232.96
14684,232.27
16408,231.93
17151,231.90000000000003
13619,231.69
17136,231.68
16776,231.57
18279,231.34
17374,231.34
15487,231.32
14082,231.10999999999999
16321,230.9
15001,230.85999999999999
15987,230.85
17261,230.44
14997,230.4
17007,230.17000000000002
18197,230.1
14069,230.06
14017,229.75
13177,229.75
14596,229.47
17185,229.46
18048,229.44
17743,229.2
15273,228.96
17989,228.83
17066,228.34
13416,228.3
16760,228.0
17111,227.97
15566,227.87
17248,227.51000000000002
14363,227.47000000000003
17991,227.2
18021,227.06
18132,226.9
16540,226.70000000000002
13548,226.57999999999998
14718,226.42
15659,226.04
16824,225.6
17181,225.45000000000002
16622,225.4
14475,225.3
15304,225.15
17472,224.81
16346,224.51
12914,223.98
14928,223.91000000000003
16562,223.86
15423,223.39000000000001
18131,222.95999999999998
13080,222.65
12887,222.4
13955,222.21
12348,222.15999999999997
17980,221.97
15788,221.83
14497,221.69
14445,221.65
17087,221.53
13519,220.46
15277,220.44
18007,220.32
13454,219.87
14074,219.4
12799,219.35
15086,218.53
16832,218.46
15675,218.35
15591,217.9
16874,217.74
16035,217.73
15490,217.6
13721,217.39999999999998
15295,217.23999999999998
13423,217.03
15401,216.95
17902,216.4
16440,216.3
14376,215.46
18157,215.35
14635,215.22
14106,214.8
14361,214.71
15424,214.44
15558,214.13
17458,213.08
13724,213.01
13398,213.0
18127,212.8
13691,212.78
16146,212.25
16362,212.17000000000002
17134,212.1
12961,211.99
12470,211.95
16402,211.8
14843,211.8
12672,211.15
15512,210.58
14992,210.5
17271,210.39
17484,209.57
16357,209.49
13056,209.48
14003,209.41
15112,209.4
16487,209.4
17855,208.97
15458,208.8
13290,208.63
15741,208.62
15134,208.3
12848,208.0
16964,207.85
16752,207.5
17266,207.09
17418,206.6
18156,206.23000000000002
14311,206.19
14519,206.09
17510,206.08
15914,205.99
16090,205.91
14278,205.83
16284,205.8
16490,205.41000000000003
14602,205.35999999999999
12400,205.25
17571,205.23999999999998
17112,205.17000000000002
15158,204.62
16901,204.26
13226,204.25
14468,204.24
16356,204.10000000000002
15020,203.42
17074,203.05
14419,202.85
15459,202.83
12416,202.56
14892,202.35000000000002
16937,202.1
17772,202.0
14446,201.73
13556,200.82
14330,200.63
13944,200.43
16433,200.26
17245,200.18
18255,199.85
14521,199.45000000000002
14727,199.35
18110,199.13
13079,199.08
17647,198.6
17184,198.41000000000003
17254,198.29
14819,198.09
17778,197.70000000000002
12927,197.31
13757,195.55
14405,195.0
13669,195.0
13671,194.95
17065,194.7
15709,194.6
16299,193.65
15437,193.29000000000002
13962,193.25
16695,193.15
17257,192.73
14975,192.45
18028,192.05
14761,192.02
14279,191.86
15115,191.74
18056,190.95
15954,190.75
14728,190.58
15688,190.57
18020,190.48000000000002
14617,190.47
14670,190.47
13766,190.35
18046,189.63
17516,189.47
13387,189.44
17022,189.0
16673,188.83
16277,188.69
17283,188.46
16051,188.44
13063,188.4
13792,188.4
14131,187.87
15072,187.52
13852,187.35000000000002
16267,186.66
18063,186.60000000000002
15986,186.3
17215,186.15
16388,186.05
14812,185.8
17840,185.72
16559,185.20000000000002
14879,185.06
14677,184.91
17803,184.66
18161,184.41
17820,183.56
14119,183.37
14983,183.20000000000002
17798,183.09
14436,182.64
16819,182.59
14941,182.1
17587,181.66
12934,181.65
12789,181.5
16822,181.39
15359,181.35
18119,181.12
13282,181.05
14858,180.75
14799,180.45000000000002
16780,180.36
17035,180.06
18234,179.6
15042,179.52
14945,179.4
16640,179.4
15209,178.98000000000002
16448,178.98000000000002
16691,178.83
17170,178.68
16469,178.48000000000002
12858,177.92
17483,177.69
17036,176.9
16285,176.9
13746,176.69
18054,176.5
16315,176.34
18175,176.10000000000002
13508,176.07999999999998
18018,175.85
12547,175.78
13547,175.53
18166,175.5
14486,175.5
13007,175.25
17108,174.95
13565,174.57999999999998
16731,174.05
15869,174.02
15684,173.95
14674,173.66
12441,173.55
16741,173.06
16599,172.8
13195,172.38
15515,171.81
17983,171.71
17575,171.7
17789,171.25
16312,171.15
17384,171.15
15445,171.0
17542,170.95
15403,170.88
14811,170.5
17922,170.4
13747,169.8
16002,169.21
15647,169.0
15065,168.73
12768,168.69
17392,168.65
18269,168.60000000000002
17559,167.62
17586,167.4
13609,167.35
14954,167.27
15166,167.16
18107,167.13
17875,167.1
15135,166.63
15509,166.51
13903,165.45000000000002
18017,165.0
16990,165.0
16663,165.0
13191,164.69
13754,164.45
17318,164.28
17417,164.18
14516,163.92
16662,163.8
14955,163.77
16757,163.65
17660,163.47
17715,163.2
15474,163.1
16050,162.8
18246,162.72
13581,162.53
12954,162.45
15552,162.4
15534,162.25
16443,162.24
14598,162.07
12661,162.0
17971,161.94
14571,161.65
15499,161.6
18270,161.4
13714,161.35
13779,161.13
13701,161.0
17953,160.82
17605,160.75
17202,160.65
17487,160.55
15229,160.5
14814,160.46
16645,160.39
14784,159.94
13642,159.92
17171,159.68
17765,158.92
13125,158.57
15548,158.09
14318,158.02
17751,157.85999999999999
14207,157.8
14822,157.7
16687,157.63
12894,157.35
16371,157.2
15742,156.87
13830,156.85000000000002
15894,156.74
16578,156.6
17359,156.6
13051,155.8
12738,155.35
16473,154.72
13403,154.5
13490,154.25
15560,153.52
15431,153.24
16589,153.12
18273,153.0
16507,152.76
12864,152.45
13551,152.39999999999998
17327,152.35
13653,152.2
15670,152.15
16681,151.5
18076,151.49
13482,151.45
15524,151.4
12959,150.95
14980,150.68
15991,150.55
14084,150.5
14845,150.0
13257,149.75
17901,149.7
15432,149.57
18038,149.41
17390,149.3
12851,148.95
14163,148.71
15283,148.32999999999998
17592,148.3
13457,148.22
13578,147.66
18210,147.45
15479,147.4
16724,147.35
17794,147.3
17898,147.12
14683,146.56
16323,146.16
15496,146.14
18137,145.99
17199,145.12
16127,145.06
15902,145.01
17219,144.9
17938,144.29
15816,144.15
12387,143.94
14604,143.85999999999999
14574,143.70000000000002
15720,143.19
17149,143.10000000000002
15761,143.05
16368,142.78
17556,142.77
13992,142.7
17767,141.85
16149,141.7
17771,141.6
17273,141.12
12636,141.0
17959,140.75
14773,140.55
15702,140.39
15324,140.22000000000003
12619,140.14
13839,139.95000000000002
15848,139.94
16840,139.85
13452,139.8
15374,139.32
14707,139.2
15577,139.1
15773,138.84
17982,138.18
16396,137.8
16542,137.7
17440,137.16
13907,136.8
16237,136.65
13594,136.35000000000002
16289,136.31
16651,136.2
16876,136.01
14366,136.0
17583,135.95
14391,135.6
13076,135.4
14588,135.39
15545,135.32999999999998
13702,135.18
14173,135.16
13509,135.0
14171,135.0
13119,134.9
12691,134.6
17826,134.59
15926,134.44
16486,134.36
16886,134.0
15056,133.45
17070,133.18
14191,132.9
17301,132.8
12467,132.8
13651,132.65
17909,132.55
13217,132.5
12964,132.24
14444,132.04
17565,131.83
13586,131.53
15409,131.25
14378,131.25
17225,131.15
13187,130.99
16865,130.95
17240,130.60000000000002
16410,130.32
17818,130.18
16628,130.05
12362,130.0
16288,129.85
17762,129.75
15317,129.75
17847,129.69
14999,129.48000000000002
12555,129.23
13071,129.22
17928,128.7
17056,128.60000000000002
15454,128.59
17089,128.45
16251,128.31
15892,128.2
12821,128.08
16397,127.88
13053,127.65
16690,127.45
14491,127.2
13169,127.2
15923,127.08
16973,127.0
14751,126.45
17386,126.35000000000001
16294,126.05000000000001
13794,126.03
17657,126.0
16925,125.65
15731,125.3
13912,124.95
13312,124.75
14726,124.75
17541,124.46
17316,124.45
18000,124.25
12773,124.25
15779,124.08000000000001
13968,123.66
14187,123.5
15927,123.39000000000001
16068,122.93
12969,122.45
13084,122.39999999999999
14616,121.7
17260,120.95
17843,120.75
14884,120.6
18281,120.32
15503,120.06
17543,120.05
14241,120.0
14483,120.0
15161,119.92
17177,119.5
17339,119.0
17403,118.95
17280,118.86
16291,117.72
14762,117.05
14874,116.18
18042,116.10000000000001
14721,115.77
14077,115.66
13241,115.58
17208,115.35
16185,115.31
18012,115.3
14039,115.08000000000001
15543,114.98
15352,114.95
17401,114.85
17933,114.69
15905,114.69
17275,114.52
18148,114.10000000000001
15041,113.67
16821,113.35
17784,112.86
13620,112.34
14750,112.03
15875,111.72
16547,111.71
14668,111.63
18124,111.53
17304,111.5
15018,111.25
14464,111.0
16064,111.0
12692,110.95
14509,110.95
17383,110.7
18256,110.69999999999999
14787,110.65
14806,110.04
14314,109.8
15851,109.73
14033,109.44
16664,109.2
14374,108.0
15583,107.86
13580,107.75
14943,107.62
15729,107.55000000000001
16301,107.33
15328,107.24
16047,107.14
15846,107.01
16998,107.0
16666,106.96
14271,106.81
16630,106.80000000000001
16082,106.75
14637,106.68
15212,106.47999999999999
16188,105.80000000000001
18103,105.8
15642,105.78
14579,105.56
15340,105.5
17328,104.7
17217,104.5
12601,104.2
14908,104.10000000000001
16375,104.0
16896,103.95
15924,102.82
17467,102.6
13829,102.0
15486,102.0
17723,102.0
16944,101.36
18195,101.16
17741,101.1
17493,100.91
17224,100.86000000000001
15208,100.4
15635,100.35
17094,100.2
17570,100.0
15048,98.7
12774,98.7
16694,98.30000000000001
17395,97.5
18037,97.39999999999999
12652,97.05000000000001
15852,96.55
17783,96.44
13793,96.0
13302,95.45
16552,95.28999999999999
18123,95.15
15285,94.92
14833,94.8
15868,94.53
14394,93.8
15305,93.6
15082,93.35000000000001
12992,93.35
16196,93.3
15724,92.6
12829,92.3
16831,91.8
13083,91.67999999999999
13392,91.14
14786,90.96
13133,90.65
14435,90.42
15686,90.0
16061,89.65
13535,89.5
12686,89.14
13222,88.5
16564,87.80000000000001
13549,87.6
17606,87.30000000000001
13180,86.10000000000001
13967,85.6
15094,83.0
14347,82.60000000000001
13469,82.4
16028,82.2
13215,81.6
17008,81.36
14717,81.3
15170,81.15
17336,81.12
15833,80.4
15131,80.28
16165,79.9
14190,79.9
14007,79.48
17192,77.83
14865,77.52
12570,77.52
16867,76.74000000000001
18113,76.32000000000001
14613,76.32000000000001
13219,76.23
17816,75.75999999999999
14559,75.6
17944,75.41
13739,75.3
16420,75.0
13105,72.0
15256,71.95
16459,71.78999999999999
16970,71.4
17763,71.15
13915,70.80000000000001
15564,70.74000000000001
12568,70.0
13172,69.6
14906,68.44
12861,68.25
17249,68.03
17532,65.34
13022,65.3
17216,65.05
17912,64.49
16238,63.66
15470,63.419999999999995
12404,63.24
16058,62.7
14650,62.5
13380,62.4
13303,61.72
17960,61.300000000000004
13818,61.28
15375,60.959999999999994
16605,60.48
15250,60.0
17330,59.900000000000006
15233,59.400000000000006
15371,59.400000000000006
18174,58.5
14384,58.5
17468,57.8
12466,56.73
15899,56.25
15685,55.980000000000004
12776,55.5
12860,55.47
17494,54.7
17026,54.15
12496,54.09
13306,53.65
17599,52.05
16786,51.84
13254,51.41
14495,51.0
13011,50.550000000000004
14743,50.480000000000004
14380,48.96
16530,48.35
13438,46.5
15698,46.2
15775,45.599999999999994
15672,45.300000000000004
17916,43.87
13666,43.25
13913,42.22
13906,42.0
16219,40.8
14266,40.56
15603,40.0
14086,39.95
14589,39.75
17246,38.92
15455,38.25
15693,37.5
17352,36.25
14993,36.13
16417,35.7
14576,35.400000000000006
12925,35.28
17533,34.8
17557,34.0
15871,33.099999999999994
16941,33.0
14977,31.93
17129,31.85
14144,30.6
14972,30.300000000000004
16548,30.15
15575,30.1
13033,30.0
17319,29.099999999999998
17278,25.2
15284,24.75
13144,24.4
14610,24.35
16454,24.05
16537,23.35
12606,21.0
13112,20.599999999999998
15999,20.4
13163,17.65
12846,15.58
14580,14.85
14900,13.919999999999998
17040,13.52
17378,10.95
18115,9.700000000000001
15040,7.49
15913,6.300000000000001
13788,3.75
14095,2.95
